<?xml version="1.0" encoding="utf-8"?>
<root>
	<people>
		<Last>White</Last>
		<First>Mark</First>
		<Group>Red</Group>
		<Score>100</Score>
	</people>
	<people>
		<Last>Red</Last>
		<First>Tom</First>
		<Group>Red</Group>
		<Score>102</Score>
	</people>
	<people>
		<Last>Green</Last>
		<First>Fred</First>
		<Group>Blue</Group>
		<Score>98</Score>
	</people>
	<people>
		<Last>Roberts</Last>
		<First>John</First>
		<Group>Green</Group>
		<Score>82</Score>
	</people>
	<people>
		<Last>Conner</Last>
		<First>Nancy</First>
		<Group>Red</Group>
		<Score>430</Score>
	</people>
	<people>
		<Last>Smith</Last>
		<First>Laura</First>
		<Group>Yellow</Group>
		<Score>77</Score>
	</people>
	<people>
		<Last>Wilson</Last>
		<First>Abe</First>
		<Group>Brown</Group>
		<Score>63</Score>
	</people>
	<people>
		<Last>Bright</Last>
		<First>Susan</First>
		<Group>Brown</Group>
		<Score>143</Score>
	</people>
	<people>
		<Last>Troutman</Last>
		<First>Mary</First>
		<Group>Blue</Group>
		<Score>113</Score>
	</people>
	<people>
		<Last>White</Last>
		<First>Robert</First>
		<Group>Blue</Group>
		<Score>12</Score>
	</people>
	<people>
		<Last>Greene</Last>
		<First>Mary</First>
		<Group>Yellow</Group>
		<Score>81</Score>
	</people>
	<people>
		<Last>Woodson</Last>
		<First>Tim</First>
		<Group>Red</Group>
		<Score>67</Score>
	</people>
	<people>
		<Last>Timmons</Last>
		<First>Chris</First>
		<Group>Orange</Group>
		<Score>66</Score>
	</people>
	<people>
		<Last>Cringle</Last>
		<First>Conrad</First>
		<Group>Orange</Group>
		<Score>123</Score>
	</people>
	<people>
		<Last>Sigmond</Last>
		<First>Shelly</First>
		<Group>Silver</Group>
		<Score>543</Score>
	</people>
	<people>
		<Last>Rounder</Last>
		<First>Dirk</First>
		<Group>Green</Group>
		<Score>78</Score>
	</people>
	<people>
		<Last>Dorner</Last>
		<First>Ron</First>
		<Group>Purple</Group>
		<Score>287</Score>
	</people>
	<people>
		<Last>Smith</Last>
		<First>Lou</First>
		<Group>Purple</Group>
		<Score>74</Score>
	</people>
	<people>
		<Last>Dodds</Last>
		<First>Sylvia</First>
		<Group>Yellow</Group>
		<Score>13</Score>
	</people>
	<people>
		<Last>Brown</Last>
		<First>Sheryl</First>
		<Group>Green</Group>
		<Score>4</Score>
	</people>
	<people>
		<Last>McBadden</Last>
		<First>Heather</First>
		<Group>Blue</Group>
		<Score>99</Score>
	</people>
	<people>
		<Last>Williams</Last>
		<First>Ann</First>
		<Group>Red</Group>
		<Score>303</Score>
	</people>
	<people>
		<Last>Morrison</Last>
		<First>Albert</First>
		<Group>Red</Group>
		<Score>201</Score>
	</people>
</root>
