<?xml version="1.0" encoding="utf-8"?>
<root>
	<people Last="White" First="Johnson" Group="Red" Score="33"/>
	<people Last="Green" First="Mark" Group="Red" Score="100"/>
	<people Last="Blue" First="Sam" Group="Blue" Score="201"/>
	<people Last="Yellow" First="Susan" Group="Green" Score="839"/>
	<people Last="Straight" First="Wendy" Group="Orange" Score="22"/>
	<people Last="Smith" First="Tom" Group="Yellow" Score="99"/>
	<people Last="Woods" First="Bob" Group="Silver" Score="353"/>
	<people Last="Roberts" First="Karl" Group="Brown" Score="101"/>
	<people Last="Folsom" First="Fred" Group="Silver" Score="281"/>
	<people Last="Johnson" First="Karen" Group="Red" Score="37"/>
	<people Last="Greene" First="Nancy" Group="Red" Score="82"/>
	<people Last="Addison" First="Phil" Group="Green" Score="10"/>
	<people Last="Wilson" First="Luke" Group="Blue" Score="32"/>
	<people Last="Jones" First="Marry" Group="Blue" Score="35"/>
	<people Last="Franks" First="Michel" Group="Purple" Score="77"/>
	<people Last="Walker" First="Dirk" Group="Purple" Score="92"/>
	<people Last="Michaels" First="Darrin" Group="Purple" Score="13"/>
	<people Last="Karsen" First="Lou" Group="Green" Score="97"/>
	<people Last="Panteley" First="John" Group="Orange" Score="71"/>
	<people Last="Hunter" First="Chris" Group="Green" Score="17"/>
	<people Last="Laurel" First="Mike" Group="Yellow" Score="15"/>
	<people Last="Thompson" First="Robert" Group="Blue" Score="99"/>
	<people Last="Williams" First="Ann" Group="Blue" Score="11"/>
</root>
